-- MySQL Script generated by MySQL Workbench
-- Fri Apr 10 01:13:08 2020
-- Model: New Model    Version: 1.0
-- MySQL Workbench Forward Engineering

SET @OLD_UNIQUE_CHECKS=@@UNIQUE_CHECKS, UNIQUE_CHECKS=0;
SET @OLD_FOREIGN_KEY_CHECKS=@@FOREIGN_KEY_CHECKS, FOREIGN_KEY_CHECKS=0;
SET @OLD_SQL_MODE=@@SQL_MODE, SQL_MODE='ONLY_FULL_GROUP_BY,STRICT_TRANS_TABLES,NO_ZERO_IN_DATE,NO_ZERO_DATE,ERROR_FOR_DIVISION_BY_ZERO,NO_ENGINE_SUBSTITUTION';

-- -----------------------------------------------------
-- Schema cadastro_nacional_veiculos
-- -----------------------------------------------------
DROP SCHEMA IF EXISTS `cadastro_nacional_veiculos` ;

-- -----------------------------------------------------
-- Schema cadastro_nacional_veiculos
-- -----------------------------------------------------
CREATE SCHEMA IF NOT EXISTS `cadastro_nacional_veiculos` DEFAULT CHARACTER SET utf8 ;
SHOW WARNINGS;
USE `cadastro_nacional_veiculos` ;

-- -----------------------------------------------------
-- Table `cadastro_nacional_veiculos`.`veiculo_marca`
-- -----------------------------------------------------
DROP TABLE IF EXISTS `cadastro_nacional_veiculos`.`veiculo_marca` ;

SHOW WARNINGS;
CREATE TABLE IF NOT EXISTS `cadastro_nacional_veiculos`.`veiculo_marca` (
  `id_marca` INT NOT NULL,
  `marca` VARCHAR(45) NOT NULL,
  PRIMARY KEY (`id_marca`))
ENGINE = InnoDB;

SHOW WARNINGS;
CREATE UNIQUE INDEX `id_marca_UNIQUE` ON `cadastro_nacional_veiculos`.`veiculo_marca` (`id_marca` ASC) VISIBLE;

SHOW WARNINGS;
CREATE UNIQUE INDEX `marca_UNIQUE` ON `cadastro_nacional_veiculos`.`veiculo_marca` (`marca` ASC) VISIBLE;

SHOW WARNINGS;

-- -----------------------------------------------------
-- Table `cadastro_nacional_veiculos`.`veiculo_categoria`
-- -----------------------------------------------------
DROP TABLE IF EXISTS `cadastro_nacional_veiculos`.`veiculo_categoria` ;

SHOW WARNINGS;
CREATE TABLE IF NOT EXISTS `cadastro_nacional_veiculos`.`veiculo_categoria` (
  `id_categoria` INT NOT NULL,
  `categoria` VARCHAR(45) NOT NULL,
  PRIMARY KEY (`id_categoria`))
ENGINE = InnoDB;

SHOW WARNINGS;

-- -----------------------------------------------------
-- Table `cadastro_nacional_veiculos`.`veiculo_modelo`
-- -----------------------------------------------------
DROP TABLE IF EXISTS `cadastro_nacional_veiculos`.`veiculo_modelo` ;

SHOW WARNINGS;
CREATE TABLE IF NOT EXISTS `cadastro_nacional_veiculos`.`veiculo_modelo` (
  `id_modelo` INT NOT NULL,
  `modelo` VARCHAR(45) NOT NULL,
  `marca` VARCHAR(45) NOT NULL,
  `categoria` VARCHAR(45) NOT NULL,
  PRIMARY KEY (`id_modelo`))
ENGINE = InnoDB;

SHOW WARNINGS;

-- -----------------------------------------------------
-- Table `cadastro_nacional_veiculos`.`veiculos`
-- -----------------------------------------------------
DROP TABLE IF EXISTS `cadastro_nacional_veiculos`.`veiculos` ;

SHOW WARNINGS;
CREATE TABLE IF NOT EXISTS `cadastro_nacional_veiculos`.`veiculos` (
  `placa` VARCHAR(7) NOT NULL,
  `num_chassi` VARCHAR(45) NOT NULL,
  `cidade_estado` VARCHAR(45) NOT NULL,
  `categoria` VARCHAR(45) NOT NULL,
  `marca` VARCHAR(45) NOT NULL,
  `modelo` VARCHAR(45) NOT NULL,
  `ano_fabricacao` INT NOT NULL,
  PRIMARY KEY (`placa`, `num_chassi`, `cidade_estado`))
ENGINE = InnoDB;

SHOW WARNINGS;
CREATE UNIQUE INDEX `placa_UNIQUE` ON `cadastro_nacional_veiculos`.`veiculos` (`placa` ASC) VISIBLE;

SHOW WARNINGS;
CREATE UNIQUE INDEX `num_chassi_UNIQUE` ON `cadastro_nacional_veiculos`.`veiculos` (`num_chassi` ASC) VISIBLE;

SHOW WARNINGS;

-- -----------------------------------------------------
-- Table `cadastro_nacional_veiculos`.`responsavel`
-- -----------------------------------------------------
DROP TABLE IF EXISTS `cadastro_nacional_veiculos`.`responsavel` ;

SHOW WARNINGS;
CREATE TABLE IF NOT EXISTS `cadastro_nacional_veiculos`.`responsavel` (
  `id_responsavel` INT NOT NULL,
  `nome` VARCHAR(45) NOT NULL,
  PRIMARY KEY (`id_responsavel`))
ENGINE = InnoDB;

SHOW WARNINGS;
CREATE UNIQUE INDEX `nome_UNIQUE` ON `cadastro_nacional_veiculos`.`responsavel` (`nome` ASC) VISIBLE;

SHOW WARNINGS;

-- -----------------------------------------------------
-- Table `cadastro_nacional_veiculos`.`transacoes`
-- -----------------------------------------------------
DROP TABLE IF EXISTS `cadastro_nacional_veiculos`.`transacoes` ;

SHOW WARNINGS;
CREATE TABLE IF NOT EXISTS `cadastro_nacional_veiculos`.`transacoes` (
  `id_transacao` INT NOT NULL,
  `veiculo_placa` VARCHAR(7) NOT NULL,
  `veiculo_chassi` VARCHAR(45) NOT NULL,
  `veiculo_cidade_estado` VARCHAR(45) NOT NULL,
  `responsavel_comprador` VARCHAR(45) NOT NULL,
  `responsavel_vendedor` VARCHAR(45) NOT NULL,
  `data_transacao` DATE NOT NULL,
  PRIMARY KEY (`id_transacao`))
ENGINE = InnoDB;

SHOW WARNINGS;
CREATE UNIQUE INDEX `id_transacao_UNIQUE` ON `cadastro_nacional_veiculos`.`transacoes` (`id_transacao` ASC) VISIBLE;

SHOW WARNINGS;

-- -----------------------------------------------------
-- Table `cadastro_nacional_veiculos`.`responsavel_patrimonio`
-- -----------------------------------------------------
DROP TABLE IF EXISTS `cadastro_nacional_veiculos`.`responsavel_patrimonio` ;

SHOW WARNINGS;
CREATE TABLE IF NOT EXISTS `cadastro_nacional_veiculos`.`responsavel_patrimonio` (
  `id_patrimonio` INT NOT NULL,
  `responsavel` VARCHAR(45) NOT NULL,
  `transacao_referencia` INT NOT NULL,
  `veiculo_placa` VARCHAR(7) NOT NULL,
  `veiculo_chassi` VARCHAR(45) NOT NULL,
  `veiculo_cidade_estado` VARCHAR(45) NOT NULL,
  `possui` TINYINT NOT NULL DEFAULT 0,
  PRIMARY KEY (`id_patrimonio`))
ENGINE = InnoDB;

SHOW WARNINGS;
CREATE UNIQUE INDEX `id_patrimonio_UNIQUE` ON `cadastro_nacional_veiculos`.`responsavel_patrimonio` (`id_patrimonio` ASC) VISIBLE;

SHOW WARNINGS;

SET SQL_MODE=@OLD_SQL_MODE;
SET FOREIGN_KEY_CHECKS=@OLD_FOREIGN_KEY_CHECKS;
SET UNIQUE_CHECKS=@OLD_UNIQUE_CHECKS;

-- -----------------------------------------------------
-- Data for table `cadastro_nacional_veiculos`.`veiculo_marca`
-- -----------------------------------------------------
START TRANSACTION;
USE `cadastro_nacional_veiculos`;
INSERT INTO `cadastro_nacional_veiculos`.`veiculo_marca` (`id_marca`, `marca`) VALUES (001, 'Volvo');
INSERT INTO `cadastro_nacional_veiculos`.`veiculo_marca` (`id_marca`, `marca`) VALUES (002, 'VW');
INSERT INTO `cadastro_nacional_veiculos`.`veiculo_marca` (`id_marca`, `marca`) VALUES (003, 'Ford');

COMMIT;


-- -----------------------------------------------------
-- Data for table `cadastro_nacional_veiculos`.`veiculo_categoria`
-- -----------------------------------------------------
START TRANSACTION;
USE `cadastro_nacional_veiculos`;
INSERT INTO `cadastro_nacional_veiculos`.`veiculo_categoria` (`id_categoria`, `categoria`) VALUES (001, 'Sedan');
INSERT INTO `cadastro_nacional_veiculos`.`veiculo_categoria` (`id_categoria`, `categoria`) VALUES (002, 'Hatch');
INSERT INTO `cadastro_nacional_veiculos`.`veiculo_categoria` (`id_categoria`, `categoria`) VALUES (003, 'Sport');

COMMIT;


-- -----------------------------------------------------
-- Data for table `cadastro_nacional_veiculos`.`veiculo_modelo`
-- -----------------------------------------------------
START TRANSACTION;
USE `cadastro_nacional_veiculos`;
INSERT INTO `cadastro_nacional_veiculos`.`veiculo_modelo` (`id_modelo`, `modelo`, `marca`, `categoria`) VALUES (001, 'A', 'Volvo', 'Sedan');
INSERT INTO `cadastro_nacional_veiculos`.`veiculo_modelo` (`id_modelo`, `modelo`, `marca`, `categoria`) VALUES (002, 'Gol', 'VW', 'Hatch');
INSERT INTO `cadastro_nacional_veiculos`.`veiculo_modelo` (`id_modelo`, `modelo`, `marca`, `categoria`) VALUES (003, 'EcoSport', 'Ford', 'Sport');

COMMIT;


-- -----------------------------------------------------
-- Data for table `cadastro_nacional_veiculos`.`veiculos`
-- -----------------------------------------------------
START TRANSACTION;
USE `cadastro_nacional_veiculos`;
INSERT INTO `cadastro_nacional_veiculos`.`veiculos` (`placa`, `num_chassi`, `cidade_estado`, `categoria`, `marca`, `modelo`, `ano_fabricacao`) VALUES ('AAA0489', '0000001', 'Porto Alegre/RS', 'Sedan', 'Volvo', 'A', 2018);
INSERT INTO `cadastro_nacional_veiculos`.`veiculos` (`placa`, `num_chassi`, `cidade_estado`, `categoria`, `marca`, `modelo`, `ano_fabricacao`) VALUES ('BBB1020', '0000002', 'São Leopoldo/RS', 'Hatch', 'VW', 'Gol', 2015);
INSERT INTO `cadastro_nacional_veiculos`.`veiculos` (`placa`, `num_chassi`, `cidade_estado`, `categoria`, `marca`, `modelo`, `ano_fabricacao`) VALUES ('CCC2093', '0000003', 'Brasília/DF', 'Sport', 'Ford', 'EcoSport', 2019);
INSERT INTO `cadastro_nacional_veiculos`.`veiculos` (`placa`, `num_chassi`, `cidade_estado`, `categoria`, `marca`, `modelo`, `ano_fabricacao`) VALUES ('DDD2211', '0000004', 'Rio de Janeiro/RJ', 'Sedan', 'Volvo', 'A', 2018);

COMMIT;


-- -----------------------------------------------------
-- Data for table `cadastro_nacional_veiculos`.`responsavel`
-- -----------------------------------------------------
START TRANSACTION;
USE `cadastro_nacional_veiculos`;
INSERT INTO `cadastro_nacional_veiculos`.`responsavel` (`id_responsavel`, `nome`) VALUES (001, 'Laion Azeredo');
INSERT INTO `cadastro_nacional_veiculos`.`responsavel` (`id_responsavel`, `nome`) VALUES (002, 'Lucas Tobias');
INSERT INTO `cadastro_nacional_veiculos`.`responsavel` (`id_responsavel`, `nome`) VALUES (003, 'Mario de Andrade');

COMMIT;


-- -----------------------------------------------------
-- Data for table `cadastro_nacional_veiculos`.`transacoes`
-- -----------------------------------------------------
START TRANSACTION;
USE `cadastro_nacional_veiculos`;
INSERT INTO `cadastro_nacional_veiculos`.`transacoes` (`id_transacao`, `veiculo_placa`, `veiculo_chassi`, `veiculo_cidade_estado`, `responsavel_comprador`, `responsavel_vendedor`, `data_transacao`) VALUES (001, 'AAA0489', '0000001', 'Porto Alegre/RS', 'Laion Azeredo', 'Lucas Tobias', '2020-04-01');
INSERT INTO `cadastro_nacional_veiculos`.`transacoes` (`id_transacao`, `veiculo_placa`, `veiculo_chassi`, `veiculo_cidade_estado`, `responsavel_comprador`, `responsavel_vendedor`, `data_transacao`) VALUES (002, 'BBB1020', '0000002', 'São Leopoldo/RS', 'Laion Azeredo', 'Mario de Andrade', '2020-01-25');
INSERT INTO `cadastro_nacional_veiculos`.`transacoes` (`id_transacao`, `veiculo_placa`, `veiculo_chassi`, `veiculo_cidade_estado`, `responsavel_comprador`, `responsavel_vendedor`, `data_transacao`) VALUES (003, 'CCC2093', '0000003', 'Brasília/DF', 'Lucas Tobias', 'Laion Azeredo', '2020-01-05');
INSERT INTO `cadastro_nacional_veiculos`.`transacoes` (`id_transacao`, `veiculo_placa`, `veiculo_chassi`, `veiculo_cidade_estado`, `responsavel_comprador`, `responsavel_vendedor`, `data_transacao`) VALUES (004, 'DDD2211', '0000004', 'Rio de Janeiro/RJ', 'Lucas Tobias', 'Mario de Andrade', '2019-12-26');

COMMIT;


-- -----------------------------------------------------
-- Data for table `cadastro_nacional_veiculos`.`responsavel_patrimonio`
-- -----------------------------------------------------
START TRANSACTION;
USE `cadastro_nacional_veiculos`;
INSERT INTO `cadastro_nacional_veiculos`.`responsavel_patrimonio` (`id_patrimonio`, `responsavel`, `transacao_referencia`, `veiculo_placa`, `veiculo_chassi`, `veiculo_cidade_estado`, `possui`) VALUES (001, 'Laion Azeredo', 001, 'AAA0489', '0000001', 'Porto Alegre/RS', 1);
INSERT INTO `cadastro_nacional_veiculos`.`responsavel_patrimonio` (`id_patrimonio`, `responsavel`, `transacao_referencia`, `veiculo_placa`, `veiculo_chassi`, `veiculo_cidade_estado`, `possui`) VALUES (002, 'Lucas Tobias', 001, 'AAA0489', '0000001', 'Porto Alegre/RS', 0);
INSERT INTO `cadastro_nacional_veiculos`.`responsavel_patrimonio` (`id_patrimonio`, `responsavel`, `transacao_referencia`, `veiculo_placa`, `veiculo_chassi`, `veiculo_cidade_estado`, `possui`) VALUES (003, 'Laion Azeredo', 002, 'BBB1020', '0000002', 'São Leopoldo/RS', 1);
INSERT INTO `cadastro_nacional_veiculos`.`responsavel_patrimonio` (`id_patrimonio`, `responsavel`, `transacao_referencia`, `veiculo_placa`, `veiculo_chassi`, `veiculo_cidade_estado`, `possui`) VALUES (004, 'Mario de Andrade', 002, 'BBB1020', '0000002', 'São Leopoldo/RS', 0);
INSERT INTO `cadastro_nacional_veiculos`.`responsavel_patrimonio` (`id_patrimonio`, `responsavel`, `transacao_referencia`, `veiculo_placa`, `veiculo_chassi`, `veiculo_cidade_estado`, `possui`) VALUES (005, 'Lucas Tobias', 003, 'CCC2093', '0000003', 'Brasília/DF', 1);
INSERT INTO `cadastro_nacional_veiculos`.`responsavel_patrimonio` (`id_patrimonio`, `responsavel`, `transacao_referencia`, `veiculo_placa`, `veiculo_chassi`, `veiculo_cidade_estado`, `possui`) VALUES (006, 'Laion Azeredo', 003, 'CCC2093', '0000003', 'Brasília/DF', 0);
INSERT INTO `cadastro_nacional_veiculos`.`responsavel_patrimonio` (`id_patrimonio`, `responsavel`, `transacao_referencia`, `veiculo_placa`, `veiculo_chassi`, `veiculo_cidade_estado`, `possui`) VALUES (007, 'Lucas Tobias', 004, 'DDD2211', '0000004', 'Rio de Janeiro/RJ', 1);
INSERT INTO `cadastro_nacional_veiculos`.`responsavel_patrimonio` (`id_patrimonio`, `responsavel`, `transacao_referencia`, `veiculo_placa`, `veiculo_chassi`, `veiculo_cidade_estado`, `possui`) VALUES (008, 'Mario de Andrade', 004, 'DDD2211', '0000004', 'Rio de Janeiro/RJ', 0);

COMMIT;

